{
  "config": {
    "run_name": "exp1_4_L8_K64-128-256",
    "out_dir": "./results",
    "seed": 1709544495,
    "device": null,
    "bs_train": 128,
    "bs_test": 32,
    "batches": 100,
    "epochs": 100,
    "early_stopping": 3,
    "checkpoints": null,
    "lr": 0.001,
    "reg": 0.001,
    "filters_per_layer": [
      64,
      128,
      256
    ],
    "layers_per_block": 8,
    "pool_every": 2,
    "hidden_dims": [
      100
    ],
    "model_type": "resnet",
    "kw": {}
  },
  "results": {
    "num_epochs": 0,
    "train_loss": [
      2.1267473697662354,
      1.858432412147522,
      1.6865218877792358,
      1.5569274425506592,
      1.4532111883163452,
      1.3433605432510376,
      1.2823938131332397,
      1.1901074647903442,
      1.1288349628448486,
      1.0765936374664307,
      1.0329647064208984,
      1.0099022388458252,
      0.9579352736473083,
      0.9195653796195984,
      0.9083099961280823,
      0.8594050407409668,
      0.844311535358429,
      0.8114247918128967,
      0.7736513018608093,
      0.7419747114181519,
      0.7152808904647827,
      0.7277892827987671,
      0.674384593963623,
      0.6661530137062073,
      0.6559500694274902,
      0.630159854888916,
      0.6380634903907776,
      0.6196504831314087,
      0.5745982527732849,
      0.5739576816558838,
      0.5701429843902588,
      0.5581751465797424,
      0.5363503694534302,
      0.5406083464622498,
      0.5267223119735718,
      0.5035585165023804,
      0.4964418113231659,
      0.4794062376022339,
      0.4737807512283325,
      0.46405714750289917,
      0.4644709825515747
    ],
    "train_acc": [
      20.046875,
      29.546875,
      35.734375,
      41.71875,
      46.3203125,
      51.5625,
      54.6953125,
      57.5703125,
      60.3671875,
      62.53125,
      64.328125,
      65.265625,
      67.078125,
      69.015625,
      69.796875,
      71.34375,
      72.4453125,
      73.15625,
      74.859375,
      75.984375,
      77.4921875,
      77.1875,
      78.8046875,
      79.1328125,
      79.625,
      80.5625,
      80.6171875,
      80.90625,
      82.6875,
      82.6328125,
      83.125,
      83.5390625,
      84.15625,
      84.140625,
      84.8046875,
      85.3359375,
      85.7109375,
      86.171875,
      86.7265625,
      86.859375,
      87.125
    ],
    "test_loss": [
      1.959094524383545,
      1.7095445394515991,
      1.6557191610336304,
      1.545071005821228,
      1.338148593902588,
      1.2846466302871704,
      1.220933198928833,
      1.192015290260315,
      1.127129316329956,
      1.1392534971237183,
      1.1241499185562134,
      1.013796329498291,
      0.9625205397605896,
      1.0441867113113403,
      0.9603167176246643,
      0.9248626828193665,
      0.9342493414878845,
      0.9385403394699097,
      0.9238528609275818,
      0.8499671816825867,
      0.8643791675567627,
      0.8066645860671997,
      0.8308946490287781,
      0.7516797780990601,
      0.7866197824478149,
      0.7853149175643921,
      0.7464816570281982,
      0.7612494826316833,
      0.7877563238143921,
      0.7723694443702698,
      0.7638757228851318,
      0.7156213521957397,
      0.7062509059906006,
      0.7536396980285645,
      0.7609879374504089,
      0.7084413766860962,
      0.7295242547988892,
      0.6948016881942749,
      0.7261480689048767,
      0.7302058339118958,
      0.7292598485946655
    ],
    "test_acc": [
      25.09375,
      34.84375,
      36.90625,
      43.03125,
      50.78125,
      53.25,
      55.8125,
      56.03125,
      59.09375,
      58.34375,
      58.0,
      62.9375,
      65.3125,
      63.0625,
      65.6875,
      66.34375,
      65.875,
      66.46875,
      67.46875,
      70.90625,
      69.9375,
      72.5,
      71.53125,
      73.5,
      72.90625,
      72.46875,
      74.1875,
      72.9375,
      73.59375,
      74.21875,
      73.8125,
      75.4375,
      75.53125,
      74.03125,
      75.21875,
      75.6875,
      75.625,
      76.5,
      76.0,
      75.59375,
      75.5
    ]
  }
}