{
  "config": {
    "run_name": "exp1_3_L3_K64-128",
    "out_dir": "./results",
    "seed": 510420323,
    "device": null,
    "bs_train": 128,
    "bs_test": 32,
    "batches": 100,
    "epochs": 100,
    "early_stopping": 3,
    "checkpoints": null,
    "lr": 0.001,
    "reg": 0.001,
    "layers_per_block": 3,
    "pool_every": 2,
    "hidden_dims": [
      100
    ],
    "model_type": "cnn",
    "stride": 1,
    "padding": 1,
    "kernel_size": 3,
    "dilation": 1,
    "pooling_kernel_size": 2,
    "pooling_stride": 2,
    "dropout": 0.1,
    "batchnorm": false,
    "bottleneck": false,
    "amsgrad": false,
    "kw": {},
    "filters_per_layer": [
      64,
      128
    ]
  },
  "results": {
    "num_epochs": 15,
    "train_loss": [
      2.057516255378723,
      1.697399790287018,
      1.5035352885723114,
      1.3983906757831575,
      1.2818366515636443,
      1.1920244073867798,
      1.1031475603580474,
      1.0191727924346923,
      0.9492228442430496,
      0.8967590713500977,
      0.8432697778940201,
      0.7957053631544113,
      0.7490923410654068,
      0.7142528051137924,
      0.6785965377092361
    ],
    "train_acc": [
      23.6,
      37.86,
      45.164,
      49.384,
      53.906,
      57.334,
      60.702,
      64.13,
      66.58,
      68.558,
      70.394,
      71.926,
      73.828,
      75.172,
      76.368
    ],
    "test_loss": [
      1.8074203252792358,
      1.5629604876041412,
      1.4440181791782378,
      1.3428277730941773,
      1.2490615546703339,
      1.1963502526283265,
      1.1022142112255096,
      1.0575011312961577,
      0.9978958576917648,
      0.9438822954893112,
      0.92559894323349,
      0.8775282025337219,
      0.8553299307823181,
      0.8415979266166687,
      0.851096299290657
    ],
    "test_acc": [
      34.57,
      42.21,
      46.92,
      51.03,
      54.91,
      56.35,
      60.28,
      61.9,
      64.21,
      66.8,
      66.95,
      69.4,
      70.18,
      70.46,
      70.16
    ]
  }
}