{
  "config": {
    "run_name": "exp1_4_L2_K64-128-256",
    "out_dir": "./results",
    "seed": 1992819772,
    "device": null,
    "bs_train": 128,
    "bs_test": 32,
    "batches": 100,
    "epochs": 100,
    "early_stopping": 3,
    "checkpoints": null,
    "lr": 0.001,
    "reg": 0.001,
    "filters_per_layer": [
      64,
      128,
      256
    ],
    "layers_per_block": 2,
    "pool_every": 2,
    "hidden_dims": [
      100
    ],
    "model_type": "resnet",
    "stride": 1,
    "padding": 1,
    "kernel_size": 3,
    "dilation": 1,
    "pooling_kernel_size": 2,
    "pooling_stride": 2,
    "dropout": 0.1,
    "batchnorm": false,
    "bottleneck": false,
    "amsgrad": false,
    "kw": {}
  },
  "results": {
    "num_epochs": 20,
    "train_loss": [
      2.0036227703094482,
      1.7063645124435425,
      1.5036317110061646,
      1.3632111549377441,
      1.2751373052597046,
      1.1967180967330933,
      1.1147778034210205,
      1.022673487663269,
      0.9959540963172913,
      0.9433595538139343,
      0.8940899968147278,
      0.8587990999221802,
      0.828916609287262,
      0.7984532713890076,
      0.7702136039733887,
      0.7446848750114441,
      0.7464860081672668,
      0.7159135937690735,
      0.6822594404220581,
      0.6722536087036133,
      0.6270074844360352
    ],
    "train_acc": [
      26.46875,
      38.1171875,
      46.6640625,
      51.8515625,
      55.7421875,
      59.2109375,
      62.296875,
      65.578125,
      66.4296875,
      68.7265625,
      70.515625,
      72.2421875,
      73.3671875,
      73.8203125,
      75.3046875,
      76.3984375,
      76.5703125,
      77.4921875,
      78.8046875,
      79.1640625,
      80.3984375
    ],
    "test_loss": [
      1.7632006406784058,
      1.569019079208374,
      1.4295806884765625,
      1.3172543048858643,
      1.2229379415512085,
      1.124422550201416,
      1.0751885175704956,
      0.9891631007194519,
      0.9730291366577148,
      0.9697434902191162,
      0.9191053509712219,
      0.9010130167007446,
      0.9197119474411011,
      0.8700752854347229,
      0.8274583220481873,
      0.8152865171432495,
      0.8175613880157471,
      0.7469242811203003,
      0.8025887608528137,
      0.775174081325531,
      0.7767355442047119
    ],
    "test_acc": [
      34.59375,
      41.96875,
      47.28125,
      52.75,
      56.25,
      59.8125,
      60.875,
      65.40625,
      64.5625,
      66.0625,
      68.15625,
      67.625,
      67.5,
      69.40625,
      71.59375,
      71.625,
      70.96875,
      74.34375,
      73.03125,
      72.5625,
      73.59375
    ]
  }
}