{
  "config": {
    "run_name": "exp1_4_L4_K64-128-256",
    "out_dir": "./results",
    "seed": 759817021,
    "device": null,
    "bs_train": 128,
    "bs_test": 32,
    "batches": 100,
    "epochs": 100,
    "early_stopping": 3,
    "checkpoints": null,
    "lr": 0.001,
    "reg": 0.001,
    "filters_per_layer": [
      64,
      128,
      256
    ],
    "layers_per_block": 4,
    "pool_every": 2,
    "hidden_dims": [
      100
    ],
    "model_type": "resnet",
    "stride": 1,
    "padding": 1,
    "kernel_size": 3,
    "dilation": 1,
    "pooling_kernel_size": 2,
    "pooling_stride": 2,
    "dropout": 0.1,
    "batchnorm": false,
    "bottleneck": false,
    "amsgrad": false,
    "kw": {}
  },
  "results": {
    "num_epochs": 35,
    "train_loss": [
      2.2791435718536377,
      2.0368154048919678,
      1.7899565696716309,
      1.639593243598938,
      1.5321370363235474,
      1.4145277738571167,
      1.343538761138916,
      1.2521756887435913,
      1.2017645835876465,
      1.1529881954193115,
      1.1031992435455322,
      1.0480798482894897,
      1.0148272514343262,
      1.0041292905807495,
      0.9509247541427612,
      0.9276894330978394,
      0.9035871028900146,
      0.8493707776069641,
      0.8331429362297058,
      0.8178250193595886,
      0.7775157690048218,
      0.7457422614097595,
      0.7479811906814575,
      0.7188347578048706,
      0.6999921202659607,
      0.674888014793396,
      0.6749044060707092,
      0.6474214196205139,
      0.6216878294944763,
      0.6003673076629639,
      0.6035571098327637,
      0.5738339424133301,
      0.5591273307800293,
      0.5402473211288452,
      0.5451517701148987,
      0.5300000000000000
    ],
    "train_acc": [
      12.421875,
      23.484375,
      33.15625,
      38.515625,
      44.875,
      49.0390625,
      52.7578125,
      56.015625,
      57.6953125,
      59.921875,
      61.9453125,
      64.3046875,
      64.8203125,
      65.3515625,
      67.5703125,
      68.7734375,
      69.453125,
      71.5390625,
      72.25,
      72.96875,
      74.53125,
      75.5859375,
      75.9765625,
      77.0859375,
      77.8515625,
      78.6875,
      78.734375,
      79.46875,
      80.8828125,
      81.65625,
      81.8359375,
      82.5390625,
      83.265625,
      83.3828125,
      83.6640625,
      84.0000000000000000
    ],
    "test_loss": [
      2.1366708278656006,
      1.9793059825897217,
      1.7091221809387207,
      1.6706045866012573,
      1.410759687423706,
      1.4175018072128296,
      1.2879427671432495,
      1.263870120048523,
      1.181423306465149,
      1.1291481256484985,
      1.1105159521102905,
      1.0856070518493652,
      1.0381006002426147,
      1.0022621154785156,
      0.9848003387451172,
      0.9385921359062195,
      0.9334498047828674,
      0.8886799812316895,
      0.8930803537368774,
      0.845954418182373,
      0.8877704739570618,
      0.8616957068443298,
      0.8200421333312988,
      0.8367879390716553,
      0.7816592454910278,
      0.7716874480247498,
      0.861863374710083,
      0.7433465719223022,
      0.7682854533195496,
      0.7056822180747986,
      0.7942861318588257,
      0.6985734701156616,
      0.741716206073761,
      0.7484430074691772,
      0.745847225189209,
      0.7400000000000000
    ],
    "test_acc": [
      21.5,
      25.09375,
      35.5,
      38.5625,
      49.15625,
      48.90625,
      54.25,
      54.84375,
      56.9375,
      59.0,
      60.21875,
      60.53125,
      61.8125,
      63.21875,
      63.9375,
      64.9375,
      67.03125,
      67.34375,
      68.5,
      69.6875,
      68.625,
      69.96875,
      70.125,
      70.0,
      72.21875,
      73.46875,
      70.21875,
      73.9375,
      73.6875,
      75.21875,
      73.25,
      75.6875,
      75.21875,
      75.3125,
      74.46875,
      75.0000000000000000
    ]
  }
}
