{
  "config": {
    "run_name": "exp1_1_L2_K32",
    "out_dir": "./results",
    "seed": 1728421974,
    "device": null,
    "bs_train": 128,
    "bs_test": 32,
    "batches": 100,
    "epochs": 100,
    "early_stopping": 3,
    "checkpoints": null,
    "lr": 0.001,
    "reg": 0.001,
    "layers_per_block": 2,
    "pool_every": 2,
    "hidden_dims": [
      100
    ],
    "model_type": "cnn",
    "stride": 1,
    "padding": 1,
    "kernel_size": 3,
    "dilation": 1,
    "pooling_kernel_size": 2,
    "pooling_stride": 2,
    "dropout": 0.1,
    "batchnorm": false,
    "bottleneck": false,
    "amsgrad": false,
    "kw": {},
    "filters_per_layer": [
      32
    ]
  },
  "results": {
    "num_epochs": 10,
    "train_loss": [
      1.7843384075164794,
      1.4077462470531463,
      1.2775717294216156,
      1.1959422838687896,
      1.1161125993728638,
      1.061237905025482,
      1.0119803953170776,
      0.9690850687026977,
      0.9335666888952255,
      0.8903725516796112
    ],
    "train_acc": [
      36.474,
      50.06,
      54.928,
      57.834,
      60.998,
      63.072,
      64.562,
      66.114,
      67.328,
      69.026
    ],
    "test_loss": [
      1.4838890850543975,
      1.330660456418991,
      1.27222021818161,
      1.1850802898406982,
      1.1366564989089967,
      1.096375149488449,
      1.08371621966362,
      1.055160129070282,
      1.009180098772049,
      1.0124738186597824
    ],
    "test_acc": [
      47.57,
      52.85,
      55.62,
      58.15,
      59.27,
      61.1,
      61.35,
      63.43,
      65.01,
      64.53
    ]
  }
}