{
  "config": {
    "run_name": "exp1_1_L2_K64",
    "out_dir": "./results",
    "seed": 136349594,
    "device": null,
    "bs_train": 128,
    "bs_test": 32,
    "batches": 100,
    "epochs": 100,
    "early_stopping": 3,
    "checkpoints": null,
    "lr": 0.001,
    "reg": 0.001,
    "layers_per_block": 2,
    "pool_every": 2,
    "hidden_dims": [
      100
    ],
    "model_type": "cnn",
    "stride": 1,
    "padding": 1,
    "kernel_size": 3,
    "dilation": 1,
    "pooling_kernel_size": 2,
    "pooling_stride": 2,
    "dropout": 0.1,
    "batchnorm": false,
    "bottleneck": false,
    "amsgrad": false,
    "kw": {},
    "filters_per_layer": [
      64
    ]
  },
  "results": {
    "num_epochs": 12,
    "train_loss": [
      1.783296866416931,
      1.3785777878761292,
      1.2416483819484712,
      1.1482066369056703,
      1.08710136115551,
      1.0207608288526535,
      0.9677892166376114,
      0.9109122711420059,
      0.867142870426178,
      0.8214245504140854,
      0.7896534770727157,
      0.7505574548244476
    ],
    "train_acc": [
      35.59,
      50.962,
      56.266,
      59.71,
      61.912,
      64.286,
      66.108,
      68.328,
      69.808,
      71.396,
      72.522,
      73.828
    ],
    "test_loss": [
      1.462893444299698,
      1.3000873863697051,
      1.1939441561698914,
      1.1777778327465058,
      1.1079312980175018,
      1.0616681009531022,
      1.0646713614463805,
      1.0063983887434005,
      1.0026032954454422,
      0.9974187970161438,
      0.96017025411129,
      0.9601822286844254
    ],
    "test_acc": [
      47.44,
      53.77,
      57.71,
      58.39,
      60.34,
      62.04,
      62.21,
      64.69,
      64.88,
      65.06,
      66.61,
      66.47
    ]
  }
}