{
  "config": {
    "run_name": "exp1_3_L2_K64-128",
    "out_dir": "./results",
    "seed": 624457784,
    "device": null,
    "bs_train": 128,
    "bs_test": 32,
    "batches": 100,
    "epochs": 100,
    "early_stopping": 3,
    "checkpoints": null,
    "lr": 0.001,
    "reg": 0.001,
    "layers_per_block": 2,
    "pool_every": 2,
    "hidden_dims": [
      100
    ],
    "model_type": "cnn",
    "stride": 1,
    "padding": 1,
    "kernel_size": 3,
    "dilation": 1,
    "pooling_kernel_size": 2,
    "pooling_stride": 2,
    "dropout": 0.1,
    "batchnorm": false,
    "bottleneck": false,
    "amsgrad": false,
    "kw": {},
    "filters_per_layer": [
      64,
      128
    ]
  },
  "results": {
    "num_epochs": 13,
    "train_loss": [
      1.7694118022918701,
      1.3765954291820526,
      1.1767495524883271,
      1.0254418748617171,
      0.9270783114433289,
      0.8414324551820755,
      0.7654526072740555,
      0.7068336993455887,
      0.6518787652254104,
      0.5900850570201874,
      0.5293208318948746,
      0.47831383407115935,
      0.41253859519958497
    ],
    "train_acc": [
      35.99,
      50.532,
      58.164,
      63.944,
      67.368,
      70.328,
      73.036,
      75.26,
      77.212,
      79.496,
      81.344,
      83.218,
      85.652
    ],
    "test_loss": [
      1.4514554560184478,
      1.2704510927200316,
      1.0848085552453994,
      0.9985017448663711,
      0.9326829701662064,
      0.8723098367452622,
      0.8398263394832611,
      0.8453737735748291,
      0.829549816250801,
      0.8262787759304047,
      0.8195626825094223,
      0.8212408185005188,
      0.851582545042038
    ],
    "test_acc": [
      47.12,
      54.21,
      61.58,
      64.97,
      67.52,
      69.37,
      70.73,
      70.96,
      71.1,
      71.93,
      72.38,
      73.35,
      72.67
    ]
  }
}