{
  "config": {
    "run_name": "exp1_4_L8_K32",
    "out_dir": "./results",
    "seed": 619104439,
    "device": null,
    "bs_train": 128,
    "bs_test": 32,
    "batches": 100,
    "epochs": 100,
    "early_stopping": 3,
    "checkpoints": null,
    "lr": 0.001,
    "reg": 0.001,
    "layers_per_block": 8,
    "pool_every": 2,
    "hidden_dims": [
      100
    ],
    "model_type": "resnet",
    "stride": 1,
    "padding": 1,
    "kernel_size": 3,
    "dilation": 1,
    "pooling_kernel_size": 2,
    "pooling_stride": 2,
    "dropout": 0.1,
    "batchnorm": false,
    "bottleneck": false,
    "amsgrad": false,
    "kw": {},
    "filters_per_layer": [
      32
    ]
  },
  "results": {
    "num_epochs": 30,
    "train_loss": [
      2.081679582595825,
      1.8031731843948364,
      1.6307553052902222,
      1.520471453666687,
      1.4426679611206055,
      1.3856570720672607,
      1.3380086421966553,
      1.2758725881576538,
      1.225606918334961,
      1.1866650581359863,
      1.1423455476760864,
      1.097006916999817,
      1.0677059888839722,
      1.0651803016662598,
      1.0362892150878906,
      0.998626172542572,
      0.9771595597267151,
      0.9535183310508728,
      0.9446853399276733,
      0.8926244974136353,
      0.8839176893234253,
      0.8730348944664001,
      0.8579811453819275,
      0.8395228385925293,
      0.8283669948577881,
      0.814085066318512,
      0.8027740120887756,
      0.7627405524253845,
      0.7600555419921875,
      0.7686713337898254,
      0.7577264904975891
    ],
    "train_acc": [
      23.046875,
      32.84375,
      40.2421875,
      44.5,
      47.328125,
      49.8359375,
      52.203125,
      54.5390625,
      56.828125,
      58.1015625,
      60.3671875,
      61.828125,
      62.7734375,
      63.0625,
      64.375,
      65.5625,
      66.3125,
      67.5625,
      67.9296875,
      69.765625,
      70.234375,
      70.1015625,
      71.0390625,
      71.7421875,
      71.9921875,
      72.7734375,
      73.2578125,
      74.1875,
      74.9609375,
      74.75,
      74.9375
    ],
    "test_loss": [
      1.946428894996643,
      1.7453680038452148,
      1.5845664739608765,
      1.4458272457122803,
      1.387105941772461,
      1.3336516618728638,
      1.2571872472763062,
      1.280472993850708,
      1.151894211769104,
      1.1856334209442139,
      1.1740697622299194,
      1.0577346086502075,
      1.0571106672286987,
      1.037718653678894,
      1.002719759941101,
      1.0485060214996338,
      0.9628154635429382,
      0.9750707149505615,
      0.9358108043670654,
      0.914519190788269,
      0.9579715728759766,
      0.8862130045890808,
      0.8855283856391907,
      0.8955116271972656,
      0.8740836381912231,
      0.8834763765335083,
      0.8675428628921509,
      0.8352004885673523,
      0.906159520149231,
      0.8592361211776733,
      0.8814415335655212
    ],
    "test_acc": [
      26.0,
      34.375,
      42.09375,
      46.90625,
      49.0,
      51.59375,
      54.6875,
      54.15625,
      58.59375,
      57.15625,
      58.0,
      61.71875,
      62.0625,
      62.90625,
      64.0625,
      61.78125,
      64.90625,
      63.78125,
      67.15625,
      66.96875,
      65.4375,
      68.5625,
      67.5625,
      68.71875,
      69.0625,
      68.875,
      69.59375,
      70.4375,
      67.375,
      69.5625,
      67.4375
    ]
  }
}
